"Country","Gender","Average Income"
"HONG KONG","F","22744.125"
"HONG KONG","M","32118.75"
"IND","F","10242.545454545454"
"IND","M","10981.090909090908"
"New Delhi","F","1718.6818181818182"
"New Delhi","M","3652.1969696969695"
"SINGAPORE","F","40228.666666666664"
"SINGAPORE","M","51240.0"
"UK","F","30516.41791044776"
"UK","M","41091.0447761194"
"USA","F","161280.0"
"USA","M","199693.0"
